State,ID,Company,Type,Industry,Issued Date,Docket,Source,URL,Status
AK,ak_0000_000_report-a-traffic-crash,Report a Traffic Crash,—,—,—,—,Regulatory Commission,https://www.dot.state.ak.us/stwdplng/accreptapp/index.shtml,Not fetched yet
AK,ak_0000_001_report-an-environmental-crime,Report an Environmental Crime,—,—,—,—,Regulatory Commission,https://dec.alaska.gov/das/ecu/,Not fetched yet
AK,ak_0000_002_report-a-spill,Report a Spill,—,—,—,—,Regulatory Commission,https://www.dec.alaska.gov/spar/ppr/spill-information/reporting,Not fetched yet
AK,ak_0000_003_report-a-cruise-ship-concern,Report a Cruise Ship Concern,—,—,—,—,Regulatory Commission,https://www.dec.alaska.gov/water/cruise-ships,Not fetched yet
AK,ak_0000_004_report-child-abuse,Report Child Abuse,—,—,—,—,Regulatory Commission,https://dfcs.alaska.gov/ocs/Pages/Report-Child-Abuse.aspx,Not fetched yet
AK,ak_0000_005_report-a-fish-wildlife-violation,Report a fish/wildlife violation?,—,—,—,—,Regulatory Commission,https://dps.alaska.gov/AWT/safeguard.aspx,Not fetched yet
AK,ak_0000_006_report-fraud,Report Fraud,—,—,—,—,Regulatory Commission,https://doa.alaska.gov/drm/oru/,Not fetched yet
AZ,az_0000_000_report-a-railroad-issue,Report a Railroad Issue,—,—,—,—,Corporation Commission,https://www.azcc.gov/safety/railroad,Not fetched yet
CA,ca_0000_000_cpuc-see-docs-cpuc-ca-gov-for-audit-repo,CPUC: See docs.cpuc.ca.gov for audit reports,audit report,—,—,—,Public Utilities Commission,https://docs.cpuc.ca.gov/,Not fetched yet
CT,ct_0000_000_annual-report,Annual Report,—,—,—,—,Department of Public Utility Control,https://portal.ct.gov/pura/about/annual-report,Not fetched yet
DC,dc_0000_000_orders-reports-regulations,Orders/Reports/Regulations,—,—,—,—,Public Service Commission,https://www.dcpsc.org,Not fetched yet
DC,dc_0000_001_dcpsc-annual-and-statistical-reports,DCPSC Annual and Statistical Reports,—,—,—,—,Public Service Commission,https://www.dcpsc.org/Orders-and-Regulations/PSC-Reports-and-Plans/PSC-Annual-Reports.aspx,Not fetched yet
DC,dc_0000_002_natural-gas-leaks-report,Natural Gas Leaks Report,—,gas,—,—,Public Service Commission,https://www.dcpsc.org/Orders-and-Regulations/PSC-Reports-and-Plans/Natural-Gas-Leaks-Report.aspx,Not fetched yet
DC,dc_0000_003_biennial-report-on-fuel-mix,Biennial Report on Fuel Mix,—,—,—,—,Public Service Commission,https://www.dcpsc.org/Orders-and-Regulations/PSC-Reports-to-the-DC-Council/Biennial-Report-on-Fuel-Mix.aspx,Not fetched yet
DC,dc_0000_004_renewable-energy-portfolio-standard-rps,Renewable Energy Portfolio Standard (RPS) Report,—,—,—,—,Public Service Commission,https://www.dcpsc.org/Orders-and-Regulations/PSC-Reports-to-the-DC-Council/Renewable-Energy-Portfolio-Standard.aspx,Not fetched yet
DC,dc_0000_005_2026-rps-report-shows-d-c-is-successfull,2026 RPS Report shows D.C. is successfully creating its own localized energy independence.,—,—,—,—,Public Service Commission,https://www.dcpsc.org/Slideshow/2026-RPS-Report-aspx.aspx,Not fetched yet
GA,ga_0000_000_gufpa-violation-reporting-system,GUFPA Violation Reporting System,—,—,—,—,Public Service Commission,http://gufpa.psc.state.ga.us/,Not fetched yet
GA,ga_0000_001_psc-annual-reports,PSC Annual Reports,—,—,—,—,Public Service Commission,https://www.psc.state.ga.us/annual-reports/,Not fetched yet
GA,ga_0000_002_gufpa-violation-reporting-system,GUFPA Violation Reporting System,—,—,—,—,Public Service Commission,http://gufpa.psc.state.ga.us/,Not fetched yet
GA,ga_0000_003_report-a-problem-with-this-site,REPORT A PROBLEM WITH THIS SITE,—,—,—,—,Public Service Commission,mailto:webmaster@psc.ga.gov,Not fetched yet
GA,ga_0000_004_psc-annual-reports,PSC Annual Reports,—,—,—,—,Public Service Commission,https://www.psc.state.ga.us/annual-reports/,Not fetched yet
GA,ga_0000_005_gufpa-damage-reporting-system,GUFPA Damage Reporting System,—,—,—,—,Public Service Commission,http://gufpa.psc.state.ga.us/,Not fetched yet
HI,hi_0000_000_reports,Reports,—,—,—,—,Public Utilities Commission,https://puc.hawaii.gov/reports/,Not fetched yet
HI,hi_0000_001_reports,Reports,—,—,—,—,Public Utilities Commission,https://hpuc.my.site.com/cdms/s/reports,Not fetched yet
HI,hi_0000_002_daily-activity-report-dar,Daily Activity Report (DAR),—,—,—,—,Public Utilities Commission,https://hpuc.my.site.com/cdms/s/reports?report=Daily%20Activity%20Report,Not fetched yet
IA,ia_0000_000_file-a-utility-annual-report,File a Utility Annual Report,—,—,—,—,State Utilities Board,https://iub.iowa.gov/records-documents/how-do-i-filing-utility-annual-report,Not fetched yet
IA,ia_0000_001_information-from-utility-annual-report-f,Information from Utility Annual Report Filings,—,—,—,—,State Utilities Board,https://iub.iowa.gov/records-documents/information-utility-annual-report-filings,Not fetched yet
IA,ia_0000_002_data-reports,Data & Reports,—,—,—,—,State Utilities Board,https://iub.iowa.gov/records-documents/data-reports,Not fetched yet
ID,id_0000_000_reports,Reports,—,—,—,—,Public Utilities Commission,https://puc.idaho.gov/Page/Standard/18,Not fetched yet
ID,id_0000_001_safety-and-accident-reporting-rules,Safety and Accident Reporting Rules,—,—,—,—,Public Utilities Commission,https://puc.idaho.gov/Fileroom/PublicFiles/LawAndOrder/Final_Order_No_35474.pdf,Not fetched yet
ID,id_0000_002_annual-gross-intrastate-revenues-report,Annual Gross Intrastate Revenues Report Form,—,—,—,—,Public Utilities Commission,https://puc.idaho.gov/Page/Utility/33,Not fetched yet
ID,id_0000_003_ipuc-2025-annual-report,IPUC 2025 Annual Report,—,—,—,—,Public Utilities Commission,https://puc.idaho.gov/Fileroom/PublicFiles/Press/Workshop/IPUC 2025 Annual Report.pdf,Not fetched yet
ID,id_0000_004_safety-accident-reporting-rules,Safety & Accident Reporting Rules,—,—,—,—,Public Utilities Commission,https://puc.idaho.gov/Fileroom/PublicFiles/Multi/GNR/GNRU2204/OrdNotc/20220801Final_Order_No_35474.pdf,Not fetched yet
IL,il_0000_000_icc-reports,ICC Reports,—,—,—,—,Commerce Commission,https://www.icc.illinois.gov/icc-reports,Not fetched yet
IL,il_0000_001_search-reports-data,Search Reports & Data,—,—,—,—,Commerce Commission,https://www.icc.illinois.gov/icc-reports,Not fetched yet
IL,il_0000_002_credit-collections-and-arrearages-report,"Credit, Collections, and Arrearages Reports",—,—,—,—,Commerce Commission,https://www.icc.illinois.gov/industry-reports/credit-collections-and-arrearages-reports,Not fetched yet
IL,il_0000_003_compliance-office9511-harrison-des-plain,"Compliance Office9511 Harrison, Des Plaines, IL 60016",—,—,—,—,Commerce Commission,"https://www.google.com/maps/place/9511+Harrison+St,+Des+Plaines,+IL+60016/",Not fetched yet
IN,in_0000_000_commission-reports,Commission Reports,—,—,—,—,Utility Regulatory Commission,https://www.in.gov/iurc/commission-reports,Not fetched yet
IN,in_0000_001_court-reporting-information-click-to-exp,Court Reporting Information- Click to Expand,—,—,—,—,Utility Regulatory Commission,https://www.in.gov/iurc/docketed-cases/court-reporting-information,Not fetched yet
IN,in_0000_002_commission-reports,Commission Reports,—,—,—,—,Utility Regulatory Commission,https://www.in.gov/iurc/commission-reports,Not fetched yet
IN,in_0000_003_court-reporting-information,Court Reporting Information,—,—,—,—,Utility Regulatory Commission,https://www.in.gov/iurc/docketed-cases/court-reporting-information,Not fetched yet
IN,in_0000_004_filings-list-reports,Filings List Reports,—,—,—,—,Utility Regulatory Commission,https://www.in.gov/iurc/docketed-cases/find-a-docketed-case/weekly-filings,Not fetched yet
IN,in_0000_005_30-day-filing-reports,30-Day Filing Reports,—,—,—,—,Utility Regulatory Commission,https://www.in.gov/iurc/energy-division/electricity-industry/utility-articles,Not fetched yet
IN,in_0000_006_report-accessibility-issues,Report Accessibility Issues,—,—,—,—,Utility Regulatory Commission,https://www.in.gov/core/accessibility-feedback.html,Not fetched yet
KY,ky_0000_000_outage-reporting,Outage Reporting,—,—,—,—,Public Service Commission,https://psc.ky.gov/Efile/,Not fetched yet
KY,ky_0000_001_2025-00186-investigation-of-nuclear-ener,"2025-00186 Investigation of Nuclear Energy - Technical Conference, May 12",—,—,—,—,Public Service Commission,https://youtu.be/gh0Au3hXcvA,Not fetched yet
KY,ky_0000_002_2025-00186-investigation-of-nuclear-ener,"2025-00186 Investigation of Nuclear Energy - Technical Conference, May 13",—,—,—,—,Public Service Commission,https://youtu.be/3OnlI4BhSqU,Not fetched yet
KY,ky_0000_003_investigation-of-pole-attachmentsopens-i,Investigation of Pole Attachmentsopens in a new window,—,—,—,—,Public Service Commission,https://psc.ky.gov/Case/ViewCaseFilings/2023-00416,Not fetched yet
MD,md_0000_000_electric-choice-enrollment-reports,Electric Choice Enrollment Reports,—,electric,—,—,Public Service Commission,https://psc.maryland.gov/regulated-utilities/electricity/electric-choice-enrollment-reports/,Not fetched yet
MD,md_0000_001_reports,Reports,—,—,—,—,Public Service Commission,https://psc.maryland.gov/about/reports/,Not fetched yet
ME,me_0000_000_annual-reports,Annual Reports,—,—,—,—,Public Utilities Commission,https://www.maine.gov/mpuc/about/annual-reports,Not fetched yet
ME,me_0000_001_transparency-reporting,Transparency Reporting,—,—,—,—,Public Utilities Commission,https://www.maine.gov/mpuc/regulated-utilities/electricity/transparency,Not fetched yet
ME,me_0000_002_ilec-access-line-reports,ILEC Access Line Reports,—,—,—,—,Public Utilities Commission,https://www.maine.gov/mpuc/regulated-utilities/telecom/approved-companies/access-line-reports,Not fetched yet
ME,me_0000_003_reports-and-data,Reports and Data,—,—,—,—,Public Utilities Commission,https://www.maine.gov/mpuc/regulated-utilities/telecom/reports,Not fetched yet
ME,me_0000_004_reports-to-the-legislature,Reports to the Legislature,—,—,—,—,Public Utilities Commission,https://www.maine.gov/mpuc/legislative/reports,Not fetched yet
ME,me_0000_005_annual-financial-reports-templates,Annual Financial Reports Templates,—,—,—,—,Public Utilities Commission,https://www.maine.gov/mpuc/online-services/annual-financial-reports-templates,Not fetched yet
ME,me_0000_006_2024-00111-audit-of-operations-and-manag,2024-00111 Audit of Operations and Management Practices Pertaining to Versant Power,—,—,—,—,Public Utilities Commission,https://mpuc-cms.maine.gov/CQM.Public.WebUI/Common/CaseMaster.aspx?CaseNumber=2024-00111,Not fetched yet
ME,me_0000_007_2024-00137-commission-initiated-investig,2024-00137 Commission Initiated Investigation Follow-On Proceeding to Further Investigate Stranded Cost Rate Design,—,—,—,—,Public Utilities Commission,https://mpuc-cms.maine.gov/CQM.Public.WebUI/Common/CaseMaster.aspx?CaseNumber=2024-00137,Not fetched yet
MI,mi_0000_000_reports-forms-data,"Reports, Forms, & Data",—,—,—,—,Public Service Commission,https://www.michigan.gov/mpsc/regulatory/reports,Not fetched yet
MI,mi_0000_001_go-to-reports-forms-data,"Go to Reports, Forms, & Data",—,—,—,—,Public Service Commission,https://www.michigan.gov/mpsc/regulatory/reports,Not fetched yet
MI,mi_0000_002_reports-forms-data,"Reports, Forms, & Data",—,—,—,—,Public Service Commission,https://www.michigan.gov/mpsc/regulatory/reports,Not fetched yet
MI,mi_0000_003_reports-forms-data,"Reports, Forms, & Data",—,—,—,—,Public Service Commission,https://www.michigan.gov/mpsc/regulatory/reports,Not fetched yet
MI,mi_0000_004_mpsc-seeks-public-comment-on-report-on-s,MPSC seeks public comment on report on shutoff protections for critical care customers,—,—,—,—,Public Service Commission,https://www.michigan.gov/mpsc/commission/news-releases/2026/05/14/mpsc-seeks-public-comment-on-shutoff-protections-report,Not fetched yet
MS,ms_0000_000_report-an-alleged-violation-of-the-missi,Report an alleged violation of the Mississippi excavation laws,—,—,—,—,Public Service Commission,http://www.msundergroundfacilitiesdamageprevention.com/agree.php ,Not fetched yet
MS,ms_0000_001_report-lack-of-service,Report Lack of Service,—,—,—,—,Public Service Commission,https://www.psc.state.ms.us/ztg/home,Not fetched yet
MS,ms_0000_002_report-a-telemarketer-call,Report A Telemarketer Call,—,—,—,—,Public Service Commission,https://nocallportal.ago.ms.gov/portal/subscriber-forms,Not fetched yet
MT,mt_0000_000_2025-annual-performance-report,2025 Annual Performance Report,—,—,—,—,Public Service Commission,https://www.psc.mt.gov/_docs/Archived-Reports/Report-Archive/PSC-Annual-Reports/FY2025-DPSR-Annual-Performance-Report.pdf,Not fetched yet
MT,mt_0000_001_2024-psc-annual-report,2024 PSC Annual Report,—,—,—,—,Public Service Commission,https://www.psc.mt.gov/_docs/Archived-Reports/Report-Archive/PSC-Annual-Reports/2024-MT-PSC-Annual-Report.pdf,Not fetched yet
MT,mt_0000_002_psc-plans-and-reports,PSC Plans and Reports,—,—,—,—,Public Service Commission,https://www.psc.mt.gov/About-Us/Archived-Reports-and-Plans,Not fetched yet
MT,mt_0000_003_regulatory-compliance-supervisor,Regulatory Compliance Supervisor,—,—,—,—,Public Service Commission,https://mtstatejobs.taleo.net/careersection/200/jobdetail.ftl?job=26141472&tz=GMT-06%3A00&tzname=America%2FDenver,Not fetched yet
MT,mt_0000_004_compliance-materials-and-forms,Compliance Materials and Forms,—,—,—,—,Public Service Commission,https://www.psc.mt.gov/compliance,Not fetched yet
MT,mt_0000_005_latest-news-psc-adopts-response-team-rep,"LATEST NEWS- PSC Adopts Response Team Report, Immediate Remote Work Restriction for Commissioner Molnar",—,—,—,—,Public Service Commission,https://www.psc.mt.gov/News/2026/PSC-Adopts-Response-Team-Report-On-Commissioner-Molnar,Not fetched yet
MT,mt_0000_006_investigation-into-resource-adequacy-dat,Investigation into Resource Adequacy/Data CentersInvestigation into Resource Adequacy/Data Centers,—,—,—,—,Public Service Commission,https://reddi.mt.gov/prweb/?pzuiactionzzz=CXtpbn1pK3p4aTFmcUovcC95djk2YlhySmRlMjUrczdzQjhaNm4zSWFaV2dPUlJ5OFVtbW40RDZIQWlwWW9wdnlrNG9JT0JWR041QWRVYkR3YjR6cnhXZE1KOVo1N3pvUUsyQjdpdEoxdnlOaHhpWURRV1Z2U2pySzdQMVM2NXBQTFdyWnE4RWtSa1RLS25RV2tGZ2xrUHh4R3dJbEpLNUtCRlNJSzUzVDNDWVNQQWsyS2pzaW9aQU9ZL1Q0ODBXUUJNdUEvcWIxcStCa0tkYnlpMFk5U21MVmNBPT0%3D*,Not fetched yet
NC,nc_0000_000_ncuc-reports,NCUC Reports,—,—,—,—,Utilities Commission,https://ncuc.net/newsroom.html#NCUCreports,Not fetched yet
NC,nc_0000_001_utility-disconnection-reporting,Utility Disconnection Reporting,—,—,—,—,Utilities Commission,https://ncuc.net/Consumer/Utilitydata.html,Not fetched yet
NC,nc_0000_002_reports-publications,Reports/Publications,—,—,—,—,Utilities Commission,https://ncuc.net/newsroom.html,Not fetched yet
NC,nc_0000_003_reports-publications,Reports/Publications,—,—,—,—,Utilities Commission,https://ncuc.net/newsroom.html,Not fetched yet
NC,nc_0000_004_reports-pubs,Reports/Pubs,—,—,—,—,Utilities Commission,https://ncuc.net/newsroom.html,Not fetched yet
ND,nd_0000_000_railroad-annual-reports,Railroad Annual Reports,—,—,—,—,Public Service Commission,https://www.psc.nd.gov/jurisdictions/railroad/railroad-annual-reports,Not fetched yet
NJ,nj_0000_000_audits,Audits,—,—,—,—,Board of Public Utilities,https://www.nj.gov/bpu/about/divisions/audits,Not fetched yet
NM,nm_0000_000_prce360-compliance-filings,PRCe360 |  Compliance Filings,—,—,—,—,Public Regulation Commission,https://www.prc.nm.gov/prce360/prce360-compliance-filings/,Not fetched yet
NV,nv_0000_000_reporting,Reporting,—,—,—,—,Public Utilities Commission,https://puc.nv.gov/reporting/,Not fetched yet
NY,ny_0000_000_utility-annual-reports-forms-for-e-filin,Utility Annual Reports Forms for E-filing,annual report,—,—,—,Department of Public Service,https://dps.ny.gov/utility-annual-reports-forms-e-filing,Not fetched yet
NY,ny_0000_001_dps-annual-reports,DPS Annual Reports,annual report,—,—,—,Department of Public Service,https://dps.ny.gov/department-public-service-annual-reports,Not fetched yet
OK,ok_0000_000_agency-reports,Agency Reports,—,—,—,—,Corporation Commission,https://oklahoma.gov/occ/about/agency-reports.html,Not fetched yet
OK,ok_0000_001_pipeline-accident-incident-and-excavatio,Pipeline Accident/Incident and Excavation Report,—,—,—,—,Corporation Commission,https://oklahoma.gov/occ/complaints/pipeline-accident-incident-report.html,Not fetched yet
OK,ok_0000_002_report-an-inaccurate-and-or-non-function,Report an Inaccurate and/or Non-Functioning EV Charging Station,—,—,—,—,Corporation Commission,https://oklahoma.gov/occ/complaints/report-ev-charging-station.html,Not fetched yet
OK,ok_0000_003_report-a-utility-operating-outside-of-oc,Report a Utility Operating Outside of OCC Regulation,—,—,—,—,Corporation Commission,https://oklahoma.gov/occ/complaints/report-utility-outside-occ-regulation.html,Not fetched yet
OR,or_0000_000_reports-forms,Reports & Forms,—,—,—,—,Public Utility Commission,https://www.oregon.gov/puc/forms/Pages/default.aspx,Not fetched yet
OR,or_0000_001_reports-forms,Reports & Forms,—,—,—,—,Public Utility Commission,https://www.oregon.gov/puc/forms/Pages/default.aspx,Not fetched yet
PA,pa_0000_000_monthly-remittance-and-annual-reporting,Monthly Remittance and Annual Reporting by Telcos,audit/report,—,—,—,Public Utility Commission,https://www.puc.pa.gov/telecommunications/monthly-remittance-and-annual-reporting-by-telcos/,Not fetched yet
PA,pa_0000_001_biennial-nmp-progress-report-forms,Biennial NMP Progress Report Forms,audit/report,—,—,—,Public Utility Commission,https://www.puc.pa.gov/telecommunications/biennial-nmp-progress-report-forms/,Not fetched yet
PA,pa_0000_002_accident-reporting,Accident Reporting,audit/report,—,—,—,Public Utility Commission,https://www.puc.pa.gov/motor-carrier/accident-reporting/,Not fetched yet
PA,pa_0000_003_accident-reporting,Accident Reporting,audit/report,—,—,—,Public Utility Commission,https://www.puc.pa.gov/rail/accident-reporting/,Not fetched yet
PA,pa_0000_004_reports,Reports,audit/report,—,—,—,Public Utility Commission,https://www.puc.pa.gov/filing-resources/reports/,Not fetched yet
PA,pa_0000_005_consumer-activities-report-evaluation,Consumer Activities Report & Evaluation,audit/report,—,—,—,Public Utility Commission,https://www.puc.pa.gov/filing-resources/reports/consumer-activities-report-evaluation/,Not fetched yet
PA,pa_0000_006_quarterly-earnings-summary-reports,Quarterly Earnings Summary Reports,audit/report,—,—,—,Public Utility Commission,https://www.puc.pa.gov/filing-resources/reports/quarterly-earnings-summary-reports/,Not fetched yet
PA,pa_0000_007_alternative-energy-portfolio-standards-a,Alternative Energy Portfolio Standards (AEPS) Reports,audit/report,—,—,—,Public Utility Commission,https://www.puc.pa.gov/filing-resources/reports/alternative-energy-portfolio-standards-aeps-reports/,Not fetched yet
PA,pa_0000_008_retail-choice-activity-reports,Retail Choice Activity Reports,audit/report,—,—,—,Public Utility Commission,https://www.puc.pa.gov/filing-resources/reports/retail-choice-activity-reports/,Not fetched yet
PA,pa_0000_009_natural-gas-outlook-reports,Natural Gas Outlook Reports,audit/report,gas,—,—,Public Utility Commission,https://www.puc.pa.gov/filing-resources/reports/natural-gas-outlook-reports/,Not fetched yet
PA,pa_0000_010_quinquennial-report-pursuant-per-section,Quinquennial Report Pursuant Per Section 1415 / Residential Collections Data,audit/report,—,—,—,Public Utility Commission,https://www.puc.pa.gov/filing-resources/reports/quinquennial-report-pursuant-per-section-1415-residential-collections-data/,Not fetched yet
PA,pa_0000_011_annual-reports,Annual Reports,audit/report,—,—,—,Public Utility Commission,https://www.puc.pa.gov/filing-resources/reports/annual-reports/,Not fetched yet
PA,pa_0000_012_customer-service-performance-reports,Customer Service Performance Reports,audit/report,—,—,—,Public Utility Commission,https://www.puc.pa.gov/filing-resources/reports/customer-service-performance-reports/,Not fetched yet
PA,pa_0000_013_universal-service-programs-and-collectio,Universal Service  Programs and Collections Performance Reports,audit/report,—,—,—,Public Utility Commission,https://www.puc.pa.gov/filing-resources/reports/universal-service-programs-and-collections-performance-reports/,Not fetched yet
PA,pa_0000_014_electric-power-outlook-report,Electric Power Outlook Report,audit/report,electric,—,—,Public Utility Commission,https://www.puc.pa.gov/filing-resources/reports/electric-power-outlook-report/,Not fetched yet
PA,pa_0000_015_electric-service-reliability-report,Electric Service Reliability Report,audit/report,electric,—,—,Public Utility Commission,https://www.puc.pa.gov/filing-resources/reports/electric-service-reliability-report/,Not fetched yet
PA,pa_0000_016_rate-comparison-reports,Rate Comparison Reports,audit/report,—,—,—,Public Utility Commission,https://www.puc.pa.gov/filing-resources/reports/rate-comparison-reports/,Not fetched yet
PA,pa_0000_017_post-storm-reports,Post-Storm Reports,audit/report,—,—,—,Public Utility Commission,https://www.puc.pa.gov/filing-resources/reports/post-storm-reports/,Not fetched yet
PA,pa_0000_018_electricity-reports,Electricity Reports,audit/report,electric,—,—,Public Utility Commission,https://www.puc.pa.gov/filing-resources/reports/electricity-reports/,Not fetched yet
PA,pa_0000_019_rail-reports,Rail Reports,audit/report,—,—,—,Public Utility Commission,https://www.puc.pa.gov/filing-resources/reports/rail-reports/,Not fetched yet
PA,pa_0000_020_motor-carrier-reports,Motor Carrier Reports,audit/report,—,—,—,Public Utility Commission,https://www.puc.pa.gov/filing-resources/reports/motor-carrier-reports/,Not fetched yet
PA,pa_0000_021_pipeline-reports,Pipeline Reports,audit/report,—,—,—,Public Utility Commission,https://www.puc.pa.gov/filing-resources/reports/pipeline-reports/,Not fetched yet
PA,pa_0000_022_water-wastewater-reports,Water/Wastewater Reports,audit/report,water,—,—,Public Utility Commission,https://www.puc.pa.gov/filing-resources/reports/waterwastewater-reports/,Not fetched yet
PA,pa_0000_023_telecommunications-reports,Telecommunications Reports,audit/report,—,—,—,Public Utility Commission,https://www.puc.pa.gov/filing-resources/reports/telecommunications-reports/,Not fetched yet
PA,pa_0000_024_natural-gas-reports,Natural Gas Reports,audit/report,gas,—,—,Public Utility Commission,https://www.puc.pa.gov/filing-resources/reports/natural-gas-reports/,Not fetched yet
PA,pa_0000_025_reasonableness-review-ratio-reports,Reasonableness Review Ratio Reports,audit/report,—,—,—,Public Utility Commission,https://www.puc.pa.gov/filing-resources/reports/reasonableness-review-ratio-reports/,Not fetched yet
PA,pa_0000_026_monthly-remittance-and-annual-reporting,Monthly Remittance and Annual Reporting by Telcos,audit/report,—,—,—,Public Utility Commission,https://www.puc.pa.gov/telecommunications/monthly-remittance-and-annual-reporting-by-telcos/,Not fetched yet
PA,pa_0000_027_biennial-nmp-progress-report-forms,Biennial NMP Progress Report Forms,audit/report,—,—,—,Public Utility Commission,https://www.puc.pa.gov/telecommunications/biennial-nmp-progress-report-forms/,Not fetched yet
PA,pa_0000_028_accident-reporting,Accident Reporting,audit/report,—,—,—,Public Utility Commission,https://www.puc.pa.gov/motor-carrier/accident-reporting/,Not fetched yet
PA,pa_0000_029_accident-reporting,Accident Reporting,audit/report,—,—,—,Public Utility Commission,https://www.puc.pa.gov/rail/accident-reporting/,Not fetched yet
PA,pa_0000_030_monthly-remittance-and-annual-reporting,Monthly Remittance and Annual Reporting by Telcos,audit/report,—,—,—,Public Utility Commission,https://www.puc.pa.gov/telecommunications/monthly-remittance-and-annual-reporting-by-telcos/,Not fetched yet
PA,pa_0000_031_biennial-nmp-progress-report-forms,Biennial NMP Progress Report Forms,audit/report,—,—,—,Public Utility Commission,https://www.puc.pa.gov/telecommunications/biennial-nmp-progress-report-forms/,Not fetched yet
PA,pa_0000_032_accident-reporting,Accident Reporting,audit/report,—,—,—,Public Utility Commission,https://www.puc.pa.gov/motor-carrier/accident-reporting/,Not fetched yet
PA,pa_0000_033_accident-reporting,Accident Reporting,audit/report,—,—,—,Public Utility Commission,https://www.puc.pa.gov/rail/accident-reporting/,Not fetched yet
PA,pa_0000_034_monthly-remittance-and-annual-reporting,Monthly Remittance and Annual Reporting by Telcos,audit/report,—,—,—,Public Utility Commission,https://www.puc.pa.gov/telecommunications/monthly-remittance-and-annual-reporting-by-telcos/,Not fetched yet
PA,pa_0000_035_biennial-nmp-progress-report-forms,Biennial NMP Progress Report Forms,audit/report,—,—,—,Public Utility Commission,https://www.puc.pa.gov/telecommunications/biennial-nmp-progress-report-forms/,Not fetched yet
PA,pa_0000_036_accident-reporting,Accident Reporting,audit/report,—,—,—,Public Utility Commission,https://www.puc.pa.gov/motor-carrier/accident-reporting/,Not fetched yet
PA,pa_0000_037_accident-reporting,Accident Reporting,audit/report,—,—,—,Public Utility Commission,https://www.puc.pa.gov/rail/accident-reporting/,Not fetched yet
SC,sc_0000_000_purc-energy-policy-report,PURC Energy Policy Report,—,—,—,—,Public Service Commission,https://www.psc.sc.gov/consumer-info/purc-energy-policy-report,Not fetched yet
TN,tn_0000_000_internal-audit-committee-meetings,Internal Audit Committee Meetings,—,—,—,—,Regulatory Authority,https://tn.gov/tpuc/conference-meetings/internal-audit-committee-.html,Not fetched yet
TN,tn_0000_001_annual-cybersecurity-reports-due-july-1s,Annual Cybersecurity Reports Due July 1st,—,—,—,—,Regulatory Authority,https://tn.gov/tpuc.html,Not fetched yet
TN,tn_0000_002_reports,Reports,—,—,—,—,Regulatory Authority,https://tn.gov/tpuc/main-tennessee-regulatory-authority-reports-and-publications.html,Not fetched yet
TN,tn_0000_003_24-25-annual-report-pdf,24-25 Annual Report (pdf),—,—,—,—,Regulatory Authority,https://tn.gov/tpuc/main-tennessee-regulatory-authority-reports-and-publications/tpuc-current-annual-report--redirect-.html,Not fetched yet
TX,tx_0000_000_central-records-filings,Central Records & Filings,filing/report,—,—,—,Public Utility Commission,https://www.puc.texas.gov/industry/filings/,Not fetched yet
TX,tx_0000_001_filings,Filings,filing/report,—,—,—,Public Utility Commission,https://www.puc.texas.gov/industry/filings/,Not fetched yet
TX,tx_0000_002_registration-reporting,Registration & Reporting,filing/report,—,—,—,Public Utility Commission,https://www.puc.texas.gov/industry/electric/business/,Not fetched yet
TX,tx_0000_003_reports,Reports,filing/report,—,—,—,Public Utility Commission,https://www.puc.texas.gov/industry/electric/reports/,Not fetched yet
TX,tx_0000_004_registration-reporting,Registration & Reporting,filing/report,—,—,—,Public Utility Commission,https://www.puc.texas.gov/industry/communications/business/,Not fetched yet
TX,tx_0000_005_reports,Reports,filing/report,—,—,—,Public Utility Commission,https://www.puc.texas.gov/industry/communications/reports/,Not fetched yet
TX,tx_0000_006_reports,Reports,filing/report,—,—,—,Public Utility Commission,https://www.puc.texas.gov/industry/water/reports/,Not fetched yet
TX,tx_0000_007_filings-search,Filings Search,filing/report,—,—,—,Public Utility Commission,http://interchange.puc.texas.gov/,Not fetched yet
TX,tx_0000_008_central-records-filing-procedures,Central Records Filing Procedures,filing/report,—,—,—,Public Utility Commission,https://www.puc.texas.gov/industry/filings/filingproceed/,Not fetched yet
TX,tx_0000_009_confidential-filing-instructions,Confidential Filing Instructions,filing/report,—,—,—,Public Utility Commission,https://www.puc.texas.gov/industry/filings/confidential/,Not fetched yet
TX,tx_0000_010_online-reporting,Online Reporting,filing/report,—,—,—,Public Utility Commission,https://www.puc.texas.gov/industry/filings/onlinereporting/,Not fetched yet
TX,tx_0000_011_central-records-filings,Central Records & Filings,filing/report,—,—,—,Public Utility Commission,https://www.puc.texas.gov/industry/filings/,Not fetched yet
TX,tx_0000_012_report-fraud-waste-or-abuse,"Report Fraud, Waste or Abuse",filing/report,—,—,—,Public Utility Commission,https://www.puc.texas.gov/reportfraud/,Not fetched yet
TX,tx_0000_013_fy-2026-annual-audit-plan,FY 2026 Annual Audit Plan,internal audit,—,—,—,Public Utility Commission,https://ftp.puc.texas.gov/public/puct-info/agency/about/audit/reports/FY2026AuditPlan.pdf,Not fetched yet
TX,tx_0000_014_fy-2025-annual-audit-plan,FY 2025 Annual Audit Plan,internal audit,—,—,—,Public Utility Commission,https://ftp.puc.texas.gov/public/puct-info/agency/about/audit/reports/FY2025AuditPlan.pdf,Not fetched yet
TX,tx_0000_015_fy-2024-annual-audit-plan,FY 2024 Annual Audit Plan,internal audit,—,—,—,Public Utility Commission,https://ftp.puc.texas.gov/public/puct-info/agency/about/audit/reports/FY2024AuditPlan.pdf,Not fetched yet
TX,tx_0000_016_fy-2023-annual-audit-plan,FY 2023 Annual Audit Plan,internal audit,—,—,—,Public Utility Commission,https://ftp.puc.texas.gov/public/puct-info/agency/about/audit/reports/FY2023AuditPlan.pdf,Not fetched yet
TX,tx_0000_017_an-efficiency-and-effectiveness-audit-fo,An Efficiency and Effectiveness Audit for the Division of Utility Outreach (FY 2025),internal audit,—,—,—,Public Utility Commission,https://ftp.puc.texas.gov/public/puct-info/agency/about/audit/reports/FY2025_Efficiency_and_Effectiveness_Audit_for_the_Division_of_Utility_Outreach.pdf,Not fetched yet
TX,tx_0000_018_audit-of-the-consumer-complaint-division,"Audit of the Consumer Complaint Division's, Informal Complaint Process (FY 2025)",internal audit,—,—,—,Public Utility Commission,https://ftp.puc.texas.gov/public/puct-info/agency/about/audit/reports/Project_2024.06_Audit_of_the_Consumer_Protection_Division_Informal_Complaint_Process.pdf,Not fetched yet
TX,tx_0000_019_audit-of-compliance-with-select-tac-202,"Audit of Compliance with Select TAC 202, Information Security Standards (FY 2024)",internal audit,—,—,—,Public Utility Commission,https://ftp.puc.texas.gov/public/puct-info/agency/about/audit/reports/Project_2024.05_Audit_of_Compliance_with_Select_TAC_202-Information_Security_Standards.pdf,Not fetched yet
TX,tx_0000_020_audit-of-the-infrastructure-division-fy,Audit of the Infrastructure Division (FY 2023),internal audit,—,—,—,Public Utility Commission,https://ftp.puc.texas.gov/public/puct-info/agency/about/audit/reports/Project2022-100.pdf,Not fetched yet
TX,tx_0000_021_audit-of-the-central-records-division-fy,Audit of the Central Records Division (FY 2022),internal audit,—,—,—,Public Utility Commission,https://ftp.puc.texas.gov/public/puct-info/agency/about/audit/reports/Project2021-300.pdf,Not fetched yet
TX,tx_0000_022_audit-of-the-contract-oversight-function,Audit of the Contract Oversight Function (FY 2022),internal audit,—,—,—,Public Utility Commission,https://ftp.puc.texas.gov/public/puct-info/agency/about/audit/reports/Project2021-200.pdf,Not fetched yet
TX,tx_0000_023_audit-of-the-general-law-division-s-publ,Audit of the General Law Division's Public Information Act Requests (FY 2021),internal audit,—,—,—,Public Utility Commission,https://ftp.puc.texas.gov/public/puct-info/agency/about/audit/reports/PIA_Audit_Report_2020-200.pdf,Not fetched yet
TX,tx_0000_024_audit-on-asset-management-fy-2021,Audit on Asset Management (FY 2021),internal audit,—,—,—,Public Utility Commission,https://ftp.puc.texas.gov/public/puct-info/agency/about/audit/reports/Asset Management2021-100.pdf,Not fetched yet
TX,tx_0000_025_audit-of-the-contract-procurement-proces,Audit of the Contract Procurement Process (FY 2020),internal audit,—,—,—,Public Utility Commission,https://ftp.puc.texas.gov/public/puct-info/agency/about/audit/reports/Project2020-300.pdf,Not fetched yet
TX,tx_0000_026_audit-of-the-legal-division-s-process-fo,Audit of the Legal Division's Process for Contested Cases (FY 2020),internal audit,—,—,—,Public Utility Commission,https://ftp.puc.texas.gov/public/puct-info/agency/about/audit/reports/ContestedCases.pdf,Not fetched yet
TX,tx_0000_027_audit-of-performance-measures-at-the-puc,Audit of Performance Measures at the PUC (FY 2019),internal audit,—,—,—,Public Utility Commission,https://ftp.puc.texas.gov/public/puct-info/agency/about/audit/reports/Project2019-100.pdf,Not fetched yet
TX,tx_0000_028_fy-2025-internal-audit-annual-report,FY 2025 Internal Audit Annual Report,internal audit,—,—,—,Public Utility Commission,https://ftp.puc.texas.gov/public/puct-info/agency/resources/reports/ia/FY_2025_Internal_Audit_Annual_Report.pdf,Not fetched yet
TX,tx_0000_029_fy-2024-internal-audit-annual-report,FY 2024 Internal Audit Annual Report,internal audit,—,—,—,Public Utility Commission,https://ftp.puc.texas.gov/public/puct-info/agency/resources/reports/ia/FY_2024_Internal_Audit_Annual_Report.pdf,Not fetched yet
TX,tx_0000_030_fy-2023-internal-audit-annual-report,FY 2023 Internal Audit Annual Report,internal audit,—,—,—,Public Utility Commission,https://ftp.puc.texas.gov/public/puct-info/agency/resources/reports/ia/FY_2023_Internal_Audit_Annual_Report.pdf,Not fetched yet
TX,tx_0000_031_audit-implementation-status-report-fy-20,Audit Implementation Status Report (FY 2026),internal audit,—,—,—,Public Utility Commission,https://ftp.puc.texas.gov/public/puct-info/agency/about/audit/reports/Audit_Implementation_Status_Report_(FY2026).pdf,Not fetched yet
TX,tx_0000_032_audit-implementation-status-report-fy-20,Audit Implementation Status Report (FY 2025),internal audit,—,—,—,Public Utility Commission,https://ftp.puc.texas.gov/public/puct-info/agency/about/audit/reports/Audit_Implementation_Status_Report_(FY2025).pdf,Not fetched yet
WA,wa_0000_000_annual-report-forms,Annual Report Forms,—,—,—,—,Utilities and Transportation Commission,https://www.utc.wa.gov/annualreports,Not fetched yet
WA,wa_0000_001_report-suspected-unlicensed-transportati,Report Suspected Unlicensed Transportation Carriers,—,—,—,—,Utilities and Transportation Commission,https://www.utc.wa.gov/regulated-industries/transportation/licensing-insurance/report-suspected-non-permitted-transportation-carriers,Not fetched yet
WA,wa_0000_002_markets-and-ceta-compliance-rulemaking-u,Markets and CETA Compliance Rulemaking - UE-210183,—,—,—,—,Utilities and Transportation Commission,https://www.utc.wa.gov/documents-and-proceedings/rulemakings/markets-and-ceta-compliance-rulemaking-ue-210183,Not fetched yet
WA,wa_0000_003_2025-unified-carrier-registration-ucr-is,"2025 Unified Carrier Registration (UCR) is now open2026 UCR registration is now open.Roadside enforcement will begin Jan. 1, 2026. Please complete your registration early to ensure compliance.learn more",—,—,—,—,Utilities and Transportation Commission,https://www.utc.wa.gov/UCR,Not fetched yet
WA,wa_0000_004_report-a-suspected-unlicensed-transporta,Report a suspected unlicensed transportation carrier,—,—,—,—,Utilities and Transportation Commission,https://www.utc.wa.gov/regulated-industries/transportation/licensing-insurance/report-suspected-non-permitted-transportation-carriers,Not fetched yet
WA,wa_0000_005_file-an-annual-report,File an annual report,—,—,—,—,Utilities and Transportation Commission,https://www.utc.wa.gov/annualreports,Not fetched yet
WA,wa_0000_006_media-advisory-public-invited-to-join-ut,MEDIA ADVISORY: Public invited to join UTC workshop on greenhouse gas emissions reports,—,gas,—,—,Utilities and Transportation Commission,https://www.utc.wa.gov/news/2026/media-advisory-public-invited-join-utc-workshop-greenhouse-gas-emissions-reports,Not fetched yet
WA,wa_0000_007_annual-reports,Annual Reports,—,—,—,—,Utilities and Transportation Commission,https://www.utc.wa.gov/annualreports,Not fetched yet
WA,wa_0000_008_company-annual-reports,Company Annual Reports,—,—,—,—,Utilities and Transportation Commission,https://www.utc.wa.gov/regulated-industries/utilities/energy/company-annual-reports,Not fetched yet
WA,wa_0000_009_broadband-report,Broadband Report,—,—,—,—,Utilities and Transportation Commission,https://www.utc.wa.gov/regulated-industries/utilities/telecommunications/broadband/broadband-adoption-availability-and-use-study,Not fetched yet
WA,wa_0000_010_class-a-clec-reporting-requirements,Class A CLEC Reporting Requirements,—,—,—,—,Utilities and Transportation Commission,https://www.utc.wa.gov/regulated-industries/utilities/telecommunications/classifications-class-or-b/class-clec-reporting-requirements,Not fetched yet
WA,wa_0000_011_class-a-ilec-reporting-requirements,Class A ILEC Reporting Requirements,—,—,—,—,Utilities and Transportation Commission,https://www.utc.wa.gov/regulated-industries/utilities/telecommunications/classifications-class-or-b/class-ilec-reporting-requirements,Not fetched yet
WA,wa_0000_012_class-b-clec-reporting-requirements,Class B CLEC Reporting Requirements,—,—,—,—,Utilities and Transportation Commission,https://www.utc.wa.gov/regulated-industries/utilities/telecommunications/classifications-class-or-b/class-b-clec-reporting-requirements,Not fetched yet
WA,wa_0000_013_class-b-ilec-reporting-requirements,Class B ILEC Reporting Requirements,—,—,—,—,Utilities and Transportation Commission,https://www.utc.wa.gov/regulated-industries/utilities/telecommunications/classifications-class-or-b/class-b-ilec-reporting-requirements,Not fetched yet
WA,wa_0000_014_regulatory-information-requirements-and,"Regulatory Information, Requirements and Reporting",—,—,—,—,Utilities and Transportation Commission,https://www.utc.wa.gov/regulated-industries/utilities/telecommunications/regulatory-information-requirements-and-reporting,Not fetched yet
WA,wa_0000_015_telecom-reporting-requirements,Telecom Reporting Requirements,—,—,—,—,Utilities and Transportation Commission,https://www.utc.wa.gov/regulated-industries/utilities/telecommunications/regulatory-information-requirements-and-reporting/telecom-reporting-requirements,Not fetched yet
WA,wa_0000_016_telephone-outage-reports,Telephone Outage Reports,—,—,—,—,Utilities and Transportation Commission,https://www.utc.wa.gov/regulated-industries/utilities/telecommunications/telecom-reporting-requirements/telephone-outage-reports,Not fetched yet
WA,wa_0000_017_reporting-requirements-other-companies,Reporting Requirements - Other Companies,—,—,—,—,Utilities and Transportation Commission,https://www.utc.wa.gov/regulated-industries/utilities/telecommunications/regulatory-information-requirements-and-reporting/telecom-reporting-requirements/reporting-requirements-other-companies,Not fetched yet
WA,wa_0000_018_reporting-requirements-weca,Reporting Requirements - WECA,—,—,—,—,Utilities and Transportation Commission,https://www.utc.wa.gov/regulated-industries/utilities/telecommunications/regulatory-information-requirements-and-reporting/telecom-reporting-requirements/reporting-requirements-weca,Not fetched yet
WA,wa_0000_019_report-suspected-non-permitted-transport,Report Suspected Non-Permitted Transportation Carriers,—,—,—,—,Utilities and Transportation Commission,https://www.utc.wa.gov/regulated-industries/transportation/licensing-insurance/report-suspected-non-permitted-transportation-carriers,Not fetched yet
WA,wa_0000_020_railroad-company-accident-reporting,Railroad Company Accident Reporting,—,—,—,—,Utilities and Transportation Commission,https://www.utc.wa.gov/public-safety/rail-safety/railroad-information/railroad-company-accident-reporting,Not fetched yet
WA,wa_0000_021_annual-report-forms,Annual Report Forms,—,—,—,—,Utilities and Transportation Commission,https://www.utc.wa.gov/annualreports,Not fetched yet
WA,wa_0000_022_annual-report-forms-by-industry,Annual Report Forms by Industry,—,—,—,—,Utilities and Transportation Commission,https://www.utc.wa.gov/annualreports/annual-report-forms-industry,Not fetched yet
WA,wa_0000_023_report-damage-to-underground-facility,Report Damage to Underground Facility,—,—,—,—,Utilities and Transportation Commission,https://www.utc.wa.gov/public-safety/pipeline-safety/call-you-dig/report-damage-underground-facility,Not fetched yet
WA,wa_0000_024_dirt-damage-reports,DIRT Damage Reports,—,—,—,—,Utilities and Transportation Commission,https://www.utc.wa.gov/public-safety/pipeline-safety/call-you-dig/dirt-damage-reports,Not fetched yet
WA,wa_0000_025_airgas-merchant-gas-kalama-inspection-re,Airgas Merchant Gas Kalama - Inspection Reports,—,gas,—,—,Utilities and Transportation Commission,https://www.utc.wa.gov/public-safety/pipeline-safety/pipeline-operators-inspected-pipeline-safety-program/airgas-merchant-gas-kalama-inspection-reports,Not fetched yet
WA,wa_0000_026_altagas-facilities-us-inc-inspection-rep,AltaGas Facilities (US) Inc. Inspection Reports,—,gas,—,—,Utilities and Transportation Commission,https://www.utc.wa.gov/public-safety/pipeline-safety/pipeline-operators-inspected-pipeline-safety-program/altagas-facilities-us-inc-inspection-reports,Not fetched yet
WA,wa_0000_027_avista-inspection-reports,Avista Inspection Reports,—,—,—,—,Utilities and Transportation Commission,https://www.utc.wa.gov/public-safety/pipeline-safety/pipeline-operators-inspected-pipeline-safety-program/avista-corporation-inspection-reports,Not fetched yet
WA,wa_0000_028_bp-pipelines-north-america-cherry-point,BP Pipelines North America (Cherry Point) Inspection Reports,—,—,—,—,Utilities and Transportation Commission,https://www.utc.wa.gov/public-safety/pipeline-safety/pipeline-operators-inspected-pipeline-safety-program/bp-pipelines-north-america-cherry-point-inspection-reports,Not fetched yet
WA,wa_0000_029_cardinal-fg-inspection-reports,Cardinal FG Inspection Reports,—,—,—,—,Utilities and Transportation Commission,https://www.utc.wa.gov/public-safety/pipeline-safety/pipeline-operators-inspected-pipeline-safety-program/cardinal-fg-inspection-reports,Not fetched yet
WA,wa_0000_030_cascade-natural-gas-inspection-reports,Cascade Natural Gas Inspection Reports,—,gas,—,—,Utilities and Transportation Commission,https://www.utc.wa.gov/public-safety/pipeline-safety/pipeline-operators-inspected-pipeline-safety-program/cascade-natural-gas-inspection-reports,Not fetched yet
WA,wa_0000_031_city-of-buckley-inspection-reports,City of Buckley Inspection Reports,—,—,—,—,Utilities and Transportation Commission,https://www.utc.wa.gov/public-safety/pipeline-safety/pipeline-operators-inspected-pipeline-safety-program/city-buckley-inspection-reports,Not fetched yet
WA,wa_0000_032_city-of-ellensburg-inspection-reports,City of Ellensburg Inspection Reports,—,—,—,—,Utilities and Transportation Commission,https://www.utc.wa.gov/public-safety/pipeline-safety/pipeline-operators-inspected-pipeline-safety-program/city-ellensburg-inspection-reports,Not fetched yet
WA,wa_0000_033_city-of-enumclaw-inspection-reports,City of Enumclaw Inspection Reports,—,—,—,—,Utilities and Transportation Commission,https://www.utc.wa.gov/public-safety/pipeline-safety/pipeline-operators-inspected-pipeline-safety-program/city-enumclaw-inspection-reports,Not fetched yet
WA,wa_0000_034_exxon-mobil-inspection-reports,Exxon Mobil Inspection Reports,—,—,—,—,Utilities and Transportation Commission,https://www.utc.wa.gov/public-safety/pipeline-safety/pipeline-operators-inspected-pipeline-safety-program/par-rocky-mountain-midstream-llc-inspection-reports,Not fetched yet
WA,wa_0000_035_ferndale-pipeline-system-inspection-repo,Ferndale Pipeline System Inspection Reports,—,—,—,—,Utilities and Transportation Commission,https://www.utc.wa.gov/public-safety/pipeline-safety/pipeline-operators-inspected-pipeline-safety-program/ferndale-pipeline-system-inspection-reports,Not fetched yet
WA,wa_0000_036_ferrell-gas-inspection-reports,Ferrell Gas Inspection Reports,—,gas,—,—,Utilities and Transportation Commission,https://www.utc.wa.gov/node/75259,Not fetched yet
WA,wa_0000_037_gas-transmission-northwest-llc-inspectio,Gas Transmission Northwest LLC Inspection Reports,—,electric,—,—,Utilities and Transportation Commission,https://www.utc.wa.gov/public-safety/pipeline-safety/pipeline-operators-inspected-pipeline-safety-program/gas-transmission-northwest-llc-inspection-reports,Not fetched yet
WA,wa_0000_038_georgia-pacific-inspection-reports,Georgia-Pacific Inspection Reports,—,—,—,—,Utilities and Transportation Commission,https://www.utc.wa.gov/public-safety/pipeline-safety/pipeline-operators-inspected-pipeline-safety-program/georgia-pacific-inspection-reports,Not fetched yet
WA,wa_0000_039_inland-empire-paper-inspection-reports,Inland Empire Paper Inspection Reports,—,—,—,—,Utilities and Transportation Commission,https://www.utc.wa.gov/public-safety/pipeline-safety/pipeline-operators-inspected-pipeline-safety-program/inland-empire-paper-inspection-reports,Not fetched yet
WA,wa_0000_040_inspection-reports-klickitat-pud,Inspection Reports - Klickitat PUD,—,—,—,—,Utilities and Transportation Commission,https://www.utc.wa.gov/public-safety/pipeline-safety/pipeline-operators-inspected-pipeline-safety-program/klickitat-pud-inspection-reports,Not fetched yet
WA,wa_0000_041_j-r-simplot-inspection-reports,J.R. Simplot Inspection Reports,—,—,—,—,Utilities and Transportation Commission,https://www.utc.wa.gov/public-safety/pipeline-safety/pipeline-operators-inspected-pipeline-safety-program/jr-simplot-inspection-reports,Not fetched yet
WA,wa_0000_042_kb-pipeline-inspection-reports,KB Pipeline Inspection Reports,—,—,—,—,Utilities and Transportation Commission,https://www.utc.wa.gov/public-safety/pipeline-safety/pipeline-operators-inspected-pipeline-safety-program/kb-pipeline-inspection-reports,Not fetched yet
WA,wa_0000_043_lamb-weston-bsw-inspection-reports,Lamb Weston/BSW Inspection Reports,—,—,—,—,Utilities and Transportation Commission,https://www.utc.wa.gov/public-safety/pipeline-safety/pipeline-operators-inspected-pipeline-safety-program/lamb-westonbsw-inspection-reports,Not fetched yet
WA,wa_0000_044_marathon-pipeline-inspection-reports,Marathon Pipeline Inspection Reports,—,—,—,—,Utilities and Transportation Commission,https://www.utc.wa.gov/public-safety/pipeline-safety/pipeline-operators-inspected-pipeline-safety-program/marathon-pipeline-inspection-reports,Not fetched yet
WA,wa_0000_045_mccain-foods-usa-inc-inspection-reports,"McCain Foods USA, Inc - Inspection Reports",—,—,—,—,Utilities and Transportation Commission,https://www.utc.wa.gov/pipeline-safety/pipeline-operators-inspected-pipeline-safety-program/mccain-foods-usa-inc-inspection-reports,Not fetched yet
WA,wa_0000_046_mcchord-pipeline-inspection-reports,McChord Pipeline Inspection Reports,—,—,—,—,Utilities and Transportation Commission,https://www.utc.wa.gov/public-safety/pipeline-safety/pipeline-operators-inspected-pipeline-safety-program/mcchord-pipeline-inspection-reports,Not fetched yet
WA,wa_0000_047_mount-vernon-terrace-apartments-inspecti,Mount Vernon Terrace Apartments - Inspection Reports,—,—,—,—,Utilities and Transportation Commission,https://www.utc.wa.gov/public-safety/pipeline-safety/pipeline-operators-inspected-pipeline-safety-program/mount-vernon-terrace-apartments-inspection-reports,Not fetched yet
WA,wa_0000_048_northwest-natural-gas-inspection-reports,Northwest Natural Gas Inspection Reports,—,gas,—,—,Utilities and Transportation Commission,https://www.utc.wa.gov/public-safety/pipeline-safety/pipeline-operators-inspected-pipeline-safety-program/northwest-natural-gas-inspection-reports,Not fetched yet
WA,wa_0000_049_northwest-pipeline-llc-inspection-report,Northwest Pipeline LLC Inspection Reports,—,—,—,—,Utilities and Transportation Commission,https://www.utc.wa.gov/public-safety/pipeline-safety/pipeline-operators-inspected-pipeline-safety-program/northwest-pipeline-llc-inspection-reports,Not fetched yet
WA,wa_0000_050_nouryon-pulp-and-performance-chemicals-i,Nouryon Pulp and Performance Chemicals Inspection Reports,—,—,—,—,Utilities and Transportation Commission,https://www.utc.wa.gov/public-safety/pipeline-safety/pipeline-operators-inspected-pipeline-safety-program/nouryon-pulp-and-performance-chemicals-inspection-reports,Not fetched yet
WA,wa_0000_051_nustar-pipeline-inspection-reports,NuStar Pipeline Inspection Reports,—,—,—,—,Utilities and Transportation Commission,https://www.utc.wa.gov/public-safety/pipeline-safety/pipeline-operators-inspected-pipeline-safety-program/nustar-pipeline-inspection-reports,Not fetched yet
WA,wa_0000_052_olympic-pipe-line-inspection-reports,Olympic Pipe Line Inspection Reports,—,—,—,—,Utilities and Transportation Commission,https://www.utc.wa.gov/public-safety/pipeline-safety/pipeline-operators-inspected-pipeline-safety-program/olympic-pipe-line-inspection-reports,Not fetched yet
WA,wa_0000_053_petrogas-inspection-reports,Petrogas Inspection Reports,—,gas,—,—,Utilities and Transportation Commission,https://www.utc.wa.gov/public-safety/pipeline-safety/pipeline-operators-inspected-pipeline-safety-program/ala-energy-llc-inspection-reports,Not fetched yet
WA,wa_0000_054_phillips-66-pipeline-llc-inspection-repo,Phillips 66 Pipeline LLC Inspection Reports,—,—,—,—,Utilities and Transportation Commission,https://www.utc.wa.gov/public-safety/pipeline-safety/pipeline-operators-inspected-pipeline-safety-program/phillips-66-pipeline-llc-inspection-reports,Not fetched yet
WA,wa_0000_055_puget-sound-energy-inspection-reports,Puget Sound Energy Inspection Reports,—,—,—,—,Utilities and Transportation Commission,https://www.utc.wa.gov/public-safety/pipeline-safety/pipeline-operators-inspected-pipeline-safety-program/puget-sound-energy-inspection-reports,Not fetched yet
WA,wa_0000_056_seatac-fuel-facilities-inspection-report,SeaTac Fuel Facilities Inspection Reports,—,—,—,—,Utilities and Transportation Commission,https://www.utc.wa.gov/public-safety/pipeline-safety/pipeline-operators-inspected-pipeline-safety-program/seatac-fuel-facilities-inspection-reports,Not fetched yet
WA,wa_0000_057_inspection-reports-seaport,Inspection Reports Seaport,—,—,—,—,Utilities and Transportation Commission,https://www.utc.wa.gov/public-safety/pipeline-safety/inspection-reports-company-0/seaport-sound-terminal-2019-inspections/seaport-sound-terminal-inspection-reports,Not fetched yet
WA,wa_0000_058_seaport-sound-terminal-inspection-report,Seaport Sound Terminal - Inspection Reports,—,—,—,—,Utilities and Transportation Commission,https://www.utc.wa.gov/public-safety/pipeline-safety/pipeline-operators-inspected-pipeline-safety-program/transmontaigne-operating-commpany-lp-inspection-reports,Not fetched yet
WA,wa_0000_059_solvay-chemicals-inspection-reports,Solvay Chemicals Inspection Reports,—,—,—,—,Utilities and Transportation Commission,https://www.utc.wa.gov/public-safety/pipeline-safety/pipeline-operators-inspected-pipeline-safety-program/solvay-chemicals-inspection-reports,Not fetched yet
WA,wa_0000_060_sunset-west-condominiums-inspection-repo,Sunset West Condominiums Inspection Reports,—,—,—,—,Utilities and Transportation Commission,https://www.utc.wa.gov/public-safety/pipeline-safety/pipeline-operators-inspected-pipeline-safety-program/sunset-west-condominiums-inspection-reports,Not fetched yet
WA,wa_0000_061_targa-sound-terminal-llc-inspection-repo,Targa Sound Terminal LLC Inspection Reports,—,—,—,—,Utilities and Transportation Commission,https://www.utc.wa.gov/public-safety/pipeline-safety/pipeline-operators-inspected-pipeline-safety-program/targa-sound-terminal-llc-inspection-reports,Not fetched yet
WA,wa_0000_062_the-new-roche-harbor-resort-inspection-r,The New Roche Harbor Resort Inspection Reports,—,—,—,—,Utilities and Transportation Commission,https://www.utc.wa.gov/public-safety/pipeline-safety/pipeline-operators-inspected-pipeline-safety-program/new-roche-harbor-resort-inspection-reports,Not fetched yet
WA,wa_0000_063_tidewater-terminal-inspection-reports,Tidewater Terminal Inspection Reports,—,water,—,—,Utilities and Transportation Commission,https://www.utc.wa.gov/public-safety/pipeline-safety/pipeline-operators-inspected-pipeline-safety-program/tidewater-terminal-inspection-reports,Not fetched yet
WA,wa_0000_064_trans-mountain-pipeline-puget-sound-llc,Trans Mountain Pipeline (Puget Sound) LLC Inspection Reports,—,—,—,—,Utilities and Transportation Commission,https://www.utc.wa.gov/public-safety/pipeline-safety/pipeline-operators-inspected-pipeline-safety-program/trans-mountain-pipeline-puget-sound-llc-inspection-reports,Not fetched yet
WA,wa_0000_065_williams-partners-operating-llc-inspecti,Williams Partners Operating LLC Inspection Reports,—,—,—,—,Utilities and Transportation Commission,https://www.utc.wa.gov/public-safety/pipeline-safety/pipeline-operators-inspected-pipeline-safety-program/williams-partners-operating-llc-inspection-reports,Not fetched yet
WA,wa_0000_066_report-suspected-unlicensed-transportati,Report Suspected Unlicensed Transportation Carriers,—,—,—,—,Utilities and Transportation Commission,https://www.utc.wa.gov/regulated-industries/transportation/licensing-insurance/report-suspected-non-permitted-transportation-carriers,Not fetched yet
WA,wa_0000_067_markets-and-ceta-compliance-rulemaking-u,Markets and CETA Compliance Rulemaking - UE-210183,—,—,—,—,Utilities and Transportation Commission,https://www.utc.wa.gov/documents-and-proceedings/rulemakings/markets-and-ceta-compliance-rulemaking-ue-210183,Not fetched yet
WI,wi_0000_000_annual-reports,Annual Reports,—,—,—,—,Public Service Commission,https://apps.psc.wi.gov/pages/ARhome.htm,Not fetched yet
WV,wv_0000_000_annual-reports,Annual Reports,—,—,—,—,Public Service Commission,https://www.psc.state.wv.us/scripts/AnnualReportEFile/welcome.cfm,Not fetched yet
WV,wv_0000_001_annual-statistical-reports,Annual Statistical Reports,—,—,—,—,Public Service Commission,https://www.psc.state.wv.us/AnnualStatRpts/default.htm,Not fetched yet
WV,wv_0000_002_coal-reports,Coal Reports,—,—,—,—,Public Service Commission,https://www.psc.state.wv.us/Scripts/Coal_Reports/coalreports.cfm,Not fetched yet
WV,wv_0000_003_selected-annual-reports,Selected Annual Reports,—,—,—,—,Public Service Commission,https://www.psc.state.wv.us/Annual_Reports/default.htm,Not fetched yet
WV,wv_0000_004_special-reports,Special Reports,—,—,—,—,Public Service Commission,https://www.psc.state.wv.us/Special_Reports/default.htm,Not fetched yet
WV,wv_0000_005_annual-report-clec-blank-form,Annual Report CLEC Blank Form,—,—,—,—,Public Service Commission,https://www.psc.state.wv.us/Forms/TelAR_CLEC.pdf,Not fetched yet
WV,wv_0000_006_annual-report-ixc-blank-form,Annual Report IXC Blank Form,—,—,—,—,Public Service Commission,https://www.psc.state.wv.us/Forms/TelAR_IXC.pdf,Not fetched yet
WV,wv_0000_007_annual-report-ilec-line-count-form,Annual Report ILEC Line Count Form,—,—,—,—,Public Service Commission,https://www.psc.state.wv.us/Forms/ILEC_CLEC_Line_Count_Form.pdf,Not fetched yet
WV,wv_0000_008_cmrs-subscriber-fee-report,CMRS Subscriber Fee Report,—,—,—,—,Public Service Commission,https://www.psc.state.wv.us/Forms/WirelessCMRSSubscriberInteractiveForm.pdf,Not fetched yet
WV,wv_0000_009_2025-management-summary-report,2025 Management Summary Report,—,—,—,—,Public Service Commission,https://www.psc.state.wv.us/Mgmt_Sum/MSR2025_Report.pdf,Not fetched yet
